,PLAYER_ID,SEASON_ID,LEAGUE_ID,TEAM_ID,TEAM_ABBREVIATION,PLAYER_AGE,GP,GS,MIN,FGM,FGA,FG_PCT,FG3M,FG3A,FG3_PCT,FTM,FTA,FT_PCT,OREB,DREB,REB,AST,STL,BLK,TOV,PF,PTS,ALL_NBA_TEAM_NUMBER,NAME
7,51,1998,00,1610612758,SAC,29.0,31,0,530.0,103,273,0.377,5,31,0.161,16,16,1.0,6.0,31.0,37.0,58,16.0,1.0,19.0,31,227,0,Mahmoud Abdul-Rauf
8,51,2001,00,1610612763,VAN,32.0,41,0,485.0,120,246,0.488,4,14,0.286,22,29,0.759,5.0,20.0,25.0,76,9.0,1.0,26.0,50,266,0,Mahmoud Abdul-Rauf
0,1505,1998,00,1610612758,SAC,23.0,59,16,959.0,144,357,0.403,4,19,0.211,84,125,0.672,44.0,72.0,116.0,51,35.0,13.0,65.0,81,376,0,Tariq Abdul-Wahad
1,1505,1999,00,1610612758,SAC,24.0,49,49,1205.0,177,407,0.435,6,21,0.286,94,136,0.691,72.0,114.0,186.0,50,50.0,16.0,70.0,121,454,0,Tariq Abdul-Wahad
2,1505,2000,00,1610612753,ORL,25.0,46,46,1205.0,223,515,0.433,2,21,0.095,115,151,0.762,77.0,162.0,239.0,72,53.0,16.0,87.0,116,563,0,Tariq Abdul-Wahad
3,1505,2000,00,1610612743,DEN,25.0,15,10,373.0,51,131,0.389,1,2,0.5,31,42,0.738,24.0,28.0,52.0,26,6.0,12.0,19.0,31,134,0,Tariq Abdul-Wahad
4,1505,2000,00,0,TOT,25.0,61,56,1578.0,274,646,0.424,3,23,0.13,146,193,0.756,101.0,190.0,291.0,98,59.0,28.0,106.0,147,697,0,Tariq Abdul-Wahad
5,1505,2001,00,1610612743,DEN,26.0,29,12,421.0,43,111,0.387,4,10,0.4,21,36,0.583,14.0,45.0,59.0,22,14.0,13.0,34.0,54,111,0,Tariq Abdul-Wahad
6,1505,2002,00,1610612743,DEN,27.0,20,12,419.0,55,145,0.379,1,2,0.5,24,32,0.75,39.0,39.0,78.0,22,18.0,9.0,24.0,51,135,0,Tariq Abdul-Wahad
7,1505,2002,00,1610612742,DAL,27.0,4,0,24.0,0,2,0.0,0,0,0.0,0,1,0.0,2.0,4.0,6.0,2,2.0,1.0,3.0,5,0,0,Tariq Abdul-Wahad
8,1505,2002,00,0,TOT,27.0,24,12,442.0,55,147,0.374,1,2,0.5,24,33,0.727,41.0,43.0,84.0,24,20.0,10.0,27.0,56,135,0,Tariq Abdul-Wahad
9,1505,2003,00,1610612742,DAL,28.0,14,0,204.0,27,58,0.466,0,1,0.0,3,6,0.5,14.0,26.0,40.0,21,6.0,3.0,7.0,26,57,0,Tariq Abdul-Wahad
1,949,1998,00,1610612763,VAN,21.0,82,82,2950.0,653,1347,0.485,21,51,0.412,502,640,0.784,227.0,354.0,581.0,213,89.0,76.0,257.0,201,1829,0,Shareef Abdur-Rahim
2,949,1999,00,1610612763,VAN,22.0,50,50,2021.0,386,893,0.432,11,36,0.306,369,439,0.841,114.0,260.0,374.0,172,69.0,55.0,186.0,137,1152,0,Shareef Abdur-Rahim
3,949,2000,00,1610612763,VAN,23.0,82,82,3223.0,594,1277,0.465,29,96,0.302,446,551,0.809,218.0,607.0,825.0,271,89.0,87.0,249.0,244,1663,0,Shareef Abdur-Rahim
4,949,2001,00,1610612763,VAN,24.0,81,81,3241.0,604,1280,0.472,12,64,0.188,443,531,0.834,175.0,560.0,735.0,250,90.0,77.0,231.0,238,1663,0,Shareef Abdur-Rahim
5,949,2002,00,1610612737,ATL,25.0,77,77,2978.0,598,1297,0.461,21,70,0.3,419,523,0.801,198.0,498.0,696.0,239,98.0,81.0,250.0,214,1636,0,Shareef Abdur-Rahim
6,949,2003,00,1610612737,ATL,26.0,81,81,3087.0,566,1183,0.478,21,60,0.35,455,541,0.841,175.0,502.0,677.0,242,87.0,38.0,212.0,240,1608,0,Shareef Abdur-Rahim
7,949,2004,00,1610612737,ATL,27.0,53,53,1955.0,383,790,0.485,5,23,0.217,294,334,0.88,141.0,354.0,495.0,127,44.0,19.0,131.0,147,1065,0,Shareef Abdur-Rahim
8,949,2004,00,1610612757,POR,27.0,32,3,729.0,118,264,0.447,4,11,0.364,79,95,0.832,48.0,96.0,144.0,47,24.0,18.0,53.0,75,319,0,Shareef Abdur-Rahim
9,949,2004,00,0,TOT,27.0,85,56,2684.0,501,1054,0.475,9,34,0.265,373,429,0.869,189.0,450.0,639.0,174,68.0,37.0,184.0,222,1384,0,Shareef Abdur-Rahim
10,949,2005,00,1610612757,POR,28.0,54,49,1868.0,337,670,0.503,15,39,0.385,220,254,0.866,123.0,269.0,392.0,111,49.0,26.0,117.0,150,909,0,Shareef Abdur-Rahim
11,949,2006,00,1610612758,SAC,29.0,72,30,1961.0,332,632,0.525,5,22,0.227,218,278,0.784,106.0,251.0,357.0,149,48.0,42.0,108.0,227,887,0,Shareef Abdur-Rahim
12,949,2007,00,1610612758,SAC,30.0,80,45,2015.0,310,654,0.474,3,20,0.15,170,234,0.726,122.0,276.0,398.0,109,53.0,40.0,116.0,243,793,0,Shareef Abdur-Rahim
13,949,2008,00,1610612758,SAC,31.0,6,0,51.0,3,14,0.214,0,0,0.0,4,4,1.0,6.0,4.0,10.0,4,1.0,0.0,1.0,9,10,0,Shareef Abdur-Rahim
0,203518,2017,00,1610612760,OKC,23.0,68,6,1055.0,134,341,0.393,94,247,0.381,44,49,0.898,18.0,68.0,86.0,40,37.0,8.0,33.0,114,406,0,Alex Abrines
1,203518,2018,00,1610612760,OKC,24.0,75,8,1134.0,115,291,0.395,84,221,0.38,39,46,0.848,26.0,88.0,114.0,28,38.0,8.0,25.0,124,353,0,Alex Abrines
2,203518,2019,00,1610612760,OKC,25.0,31,2,588.0,56,157,0.357,41,127,0.323,12,13,0.923,5.0,43.0,48.0,20,17.0,6.0,14.0,53,165,0,Alex Abrines
0,1630173,2021,00,1610612748,MIA,21.0,61,4,737.0,124,228,0.544,0,1,0.0,56,110,0.509,73.0,135.0,208.0,29,20.0,28.0,43.0,91,304,0,Precious Achiuwa
1,1630173,2022,00,1610612761,TOR,22.0,73,28,1725.0,265,603,0.439,56,156,0.359,78,131,0.595,146.0,327.0,473.0,82,37.0,41.0,84.0,151,664,0,Precious Achiuwa
2,1630173,2023,00,1610612761,TOR,23.0,55,12,1141.0,196,404,0.485,29,108,0.269,87,124,0.702,100.0,228.0,328.0,50,31.0,30.0,59.0,102,508,0,Precious Achiuwa
3,1630173,2024,00,1610612761,TOR,24.0,15,0,267.0,45,102,0.441,7,26,0.269,14,25,0.56,32.0,57.0,89.0,30,9.0,6.0,19.0,25,111,0,Precious Achiuwa
0,101165,2006,00,1610612765,DET,23.0,5,0,35.0,4,16,0.25,1,5,0.2,0,0,0.0,1.0,4.0,5.0,4,1.0,0.0,4.0,4,9,0,Alex Acker
1,101165,2009,00,1610612765,DET,26.0,7,0,20.0,4,11,0.364,0,4,0.0,1,2,0.5,0.0,2.0,2.0,1,2.0,1.0,0.0,0,9,0,Alex Acker
2,101165,2009,00,1610612746,LAC,26.0,18,0,179.0,26,65,0.4,7,16,0.438,4,8,0.5,8.0,14.0,22.0,11,3.0,3.0,7.0,9,63,0,Alex Acker
3,101165,2009,00,0,TOT,26.0,25,0,200.0,30,76,0.395,7,20,0.35,5,10,0.5,8.0,16.0,24.0,12,5.0,4.0,7.0,9,72,0,Alex Acker
0,203112,2013,00,1610612761,TOR,22.0,29,0,342.0,42,75,0.56,1,2,0.5,31,38,0.816,30.0,47.0,77.0,11,13.0,15.0,17.0,53,116,0,Quincy Acy
1,203112,2014,00,1610612761,TOR,23.0,7,0,61.0,6,14,0.429,2,5,0.4,5,8,0.625,5.0,10.0,15.0,4,4.0,3.0,2.0,8,19,0,Quincy Acy
2,203112,2014,00,1610612758,SAC,23.0,56,0,786.0,60,127,0.472,2,10,0.2,30,45,0.667,67.0,134.0,201.0,24,19.0,23.0,28.0,114,152,0,Quincy Acy
3,203112,2014,00,0,TOT,23.0,63,0,848.0,66,141,0.468,4,15,0.267,35,53,0.66,72.0,144.0,216.0,28,23.0,26.0,30.0,122,171,0,Quincy Acy
4,203112,2015,00,1610612752,NYK,24.0,68,22,1287.0,152,331,0.459,18,60,0.3,76,97,0.784,79.0,222.0,301.0,68,27.0,22.0,60.0,147,398,0,Quincy Acy
5,203112,2016,00,1610612758,SAC,25.0,59,29,876.0,119,214,0.556,19,49,0.388,50,68,0.735,65.0,123.0,188.0,27,29.0,24.0,27.0,103,307,0,Quincy Acy
6,203112,2017,00,1610612742,DAL,26.0,6,0,48.0,5,17,0.294,1,7,0.143,2,3,0.667,2.0,6.0,8.0,0,0.0,0.0,2.0,9,13,0,Quincy Acy
7,203112,2017,00,1610612751,BKN,26.0,32,1,510.0,65,153,0.425,36,83,0.434,43,57,0.754,18.0,89.0,107.0,18,14.0,15.0,19.0,58,209,0,Quincy Acy
8,203112,2017,00,0,TOT,26.0,38,1,558.0,70,170,0.412,37,90,0.411,45,60,0.75,20.0,95.0,115.0,18,14.0,15.0,21.0,67,222,0,Quincy Acy
9,203112,2018,00,1610612751,BKN,27.0,70,8,1359.0,130,365,0.356,102,292,0.349,49,60,0.817,40.0,217.0,257.0,57,33.0,29.0,60.0,149,411,0,Quincy Acy
10,203112,2019,00,1610612756,PHX,28.0,10,0,123.0,4,18,0.222,2,15,0.133,7,10,0.7,3.0,22.0,25.0,8,1.0,4.0,4.0,24,17,0,Quincy Acy
0,200801,2007,00,1610612751,NJN,23.0,61,8,495.0,75,135,0.556,0,1,0.0,24,36,0.667,35.0,42.0,77.0,13,17.0,4.0,22.0,47,174,0,Hassan Adams
1,200801,2009,00,1610612761,TOR,25.0,12,0,52.0,4,13,0.308,0,0,0.0,3,6,0.5,1.0,6.0,7.0,1,1.0,1.0,4.0,4,11,0,Hassan Adams
0,1629121,2019,00,1610612737,ATL,23.0,34,1,428.0,38,110,0.345,25,74,0.338,7,9,0.778,11.0,49.0,60.0,65,14.0,5.0,28.0,45,108,0,Jaylen Adams
1,1629121,2021,00,1610612749,MIL,25.0,7,0,18.0,1,8,0.125,0,2,0.0,0,0,0.0,0.0,3.0,3.0,2,0.0,0.0,0.0,1,2,0,Jaylen Adams
0,203919,2015,00,1610612763,MEM,20.0,30,0,248.0,35,86,0.407,10,25,0.4,14,23,0.609,9.0,19.0,28.0,16,16.0,7.0,14.0,24,94,0,Jordan Adams
1,203919,2016,00,1610612763,MEM,21.0,2,0,15.0,2,6,0.333,0,1,0.0,3,5,0.6,0.0,2.0,2.0,3,3.0,0.0,2.0,2,7,0,Jordan Adams
0,203500,2014,00,1610612760,OKC,20.0,81,20,1197.0,93,185,0.503,0,0,0.0,79,136,0.581,142.0,190.0,332.0,43,40.0,57.0,71.0,203,265,0,Steven Adams
1,203500,2015,00,1610612760,OKC,21.0,70,67,1771.0,217,399,0.544,0,2,0.0,103,205,0.502,199.0,324.0,523.0,66,38.0,86.0,99.0,222,537,0,Steven Adams
2,203500,2016,00,1610612760,OKC,22.0,80,80,2014.0,261,426,0.613,0,0,0.0,114,196,0.582,219.0,314.0,533.0,62,42.0,89.0,84.0,223,636,0,Steven Adams
3,203500,2017,00,1610612760,OKC,23.0,80,80,2389.0,374,655,0.571,0,1,0.0,157,257,0.611,281.0,332.0,613.0,86,89.0,78.0,146.0,195,905,0,Steven Adams
4,203500,2018,00,1610612760,OKC,24.0,76,76,2487.0,448,712,0.629,0,2,0.0,160,286,0.559,384.0,301.0,685.0,88,92.0,78.0,128.0,215,1056,0,Steven Adams
5,203500,2019,00,1610612760,OKC,25.0,80,80,2669.0,481,809,0.595,0,2,0.0,146,292,0.5,391.0,369.0,760.0,124,117.0,76.0,135.0,204,1108,0,Steven Adams
6,203500,2020,00,1610612760,OKC,26.0,63,63,1681.0,283,478,0.592,1,3,0.333,117,201,0.582,207.0,376.0,583.0,146,51.0,67.0,94.0,122,684,0,Steven Adams
7,203500,2021,00,1610612740,NOP,27.0,58,58,1605.0,189,308,0.614,0,3,0.0,60,135,0.444,213.0,301.0,514.0,111,54.0,38.0,78.0,113,438,0,Steven Adams
8,203500,2022,00,1610612763,MEM,28.0,76,75,1999.0,210,384,0.547,0,1,0.0,108,199,0.543,349.0,411.0,760.0,256,65.0,60.0,115.0,153,528,0,Steven Adams
9,203500,2023,00,1610612763,MEM,29.0,42,42,1133.0,157,263,0.597,0,1,0.0,47,129,0.364,214.0,271.0,485.0,97,36.0,46.0,79.0,98,361,0,Steven Adams
0,1628389,2018,00,1610612748,MIA,20.0,69,19,1368.0,174,340,0.512,0,7,0.0,129,179,0.721,118.0,263.0,381.0,101,32.0,41.0,66.0,138,477,0,Bam Adebayo
1,1628389,2019,00,1610612748,MIA,21.0,82,28,1913.0,280,486,0.576,3,15,0.2,166,226,0.735,165.0,432.0,597.0,184,71.0,65.0,121.0,203,729,0,Bam Adebayo
2,1628389,2020,00,1610612748,MIA,22.0,72,72,2417.0,440,790,0.557,2,14,0.143,264,382,0.691,176.0,559.0,735.0,368,82.0,93.0,204.0,182,1146,0,Bam Adebayo
3,1628389,2021,00,1610612748,MIA,23.0,64,64,2143.0,456,800,0.57,2,8,0.25,283,354,0.799,142.0,431.0,573.0,346,75.0,66.0,169.0,145,1197,0,Bam Adebayo
4,1628389,2022,00,1610612748,MIA,24.0,56,56,1825.0,406,729,0.557,0,6,0.0,256,340,0.753,137.0,427.0,564.0,190,80.0,44.0,148.0,171,1068,0,Bam Adebayo
5,1628389,2023,00,1610612748,MIA,25.0,75,75,2598.0,602,1114,0.54,1,12,0.083,324,402,0.806,184.0,504.0,688.0,240,88.0,61.0,187.0,208,1529,0,Bam Adebayo
6,1628389,2024,00,1610612748,MIA,26.0,16,16,537.0,132,253,0.522,1,3,0.333,91,112,0.813,33.0,126.0,159.0,62,19.0,16.0,39.0,39,356,0,Bam Adebayo
0,1629061,2019,00,1610612739,CLE,22.0,19,3,194.0,11,36,0.306,6,23,0.261,4,4,1.0,3.0,16.0,19.0,5,1.0,4.0,6.0,13,32,0,Deng Adel
0,202399,2011,00,1610612744,GSW,25.0,23,0,196.0,23,54,0.426,0,0,0.0,11,19,0.579,23.0,35.0,58.0,10,4.0,5.0,9.0,28,57,0,Jeff Adrien
1,202399,2012,00,1610612745,HOU,26.0,8,0,63.0,7,16,0.438,0,0,0.0,7,12,0.583,5.0,17.0,22.0,1,0.0,2.0,2.0,13,21,0,Jeff Adrien
2,202399,2013,00,1610612766,CHA,27.0,52,5,713.0,72,168,0.429,0,2,0.0,65,100,0.65,68.0,128.0,196.0,36,18.0,27.0,32.0,80,209,0,Jeff Adrien
3,202399,2014,00,1610612766,CHA,28.0,25,0,256.0,22,40,0.55,0,0,0.0,13,25,0.52,33.0,55.0,88.0,7,7.0,15.0,8.0,35,57,0,Jeff Adrien
4,202399,2014,00,1610612749,MIL,28.0,28,12,705.0,121,235,0.515,0,0,0.0,63,94,0.67,69.0,149.0,218.0,31,17.0,21.0,31.0,73,305,0,Jeff Adrien
5,202399,2014,00,0,TOT,28.0,53,12,962.0,143,275,0.52,0,0,0.0,76,119,0.639,102.0,204.0,306.0,38,24.0,36.0,39.0,108,362,0,Jeff Adrien
6,202399,2015,00,1610612750,MIN,29.0,17,0,215.0,19,44,0.432,0,0,0.0,22,38,0.579,23.0,54.0,77.0,15,4.0,9.0,9.0,30,60,0,Jeff Adrien
0,201167,2008,00,1610612765,DET,22.0,75,9,970.0,99,241,0.411,10,48,0.208,68,87,0.782,36.0,101.0,137.0,52,31.0,8.0,34.0,83,276,0,Arron Afflalo
1,201167,2009,00,1610612765,DET,23.0,74,8,1234.0,131,300,0.437,43,107,0.402,58,71,0.817,30.0,104.0,134.0,44,28.0,13.0,43.0,144,363,0,Arron Afflalo
2,201167,2010,00,1610612743,DEN,24.0,82,75,2221.0,272,585,0.465,108,249,0.434,72,98,0.735,59.0,193.0,252.0,138,46.0,30.0,74.0,225,724,0,Arron Afflalo
3,201167,2011,00,1610612743,DEN,25.0,69,69,2324.0,312,627,0.498,105,248,0.423,138,163,0.847,45.0,206.0,251.0,168,34.0,31.0,71.0,153,867,0,Arron Afflalo
4,201167,2012,00,1610612743,DEN,26.0,62,62,2086.0,329,699,0.471,88,221,0.398,197,247,0.798,40.0,157.0,197.0,149,36.0,13.0,85.0,134,943,0,Arron Afflalo
5,201167,2013,00,1610612753,ORL,27.0,64,64,2307.0,397,905,0.439,72,240,0.3,191,223,0.857,29.0,210.0,239.0,206,40.0,11.0,138.0,137,1057,0,Arron Afflalo
6,201167,2014,00,1610612753,ORL,28.0,73,73,2552.0,464,1011,0.459,128,300,0.427,274,336,0.815,32.0,230.0,262.0,248,35.0,3.0,146.0,136,1330,0,Arron Afflalo
7,201167,2015,00,1610612743,DEN,29.0,53,53,1750.0,281,657,0.428,82,243,0.337,127,151,0.841,21.0,159.0,180.0,101,32.0,5.0,83.0,108,771,0,Arron Afflalo
8,201167,2015,00,1610612757,POR,29.0,25,19,752.0,94,227,0.414,36,90,0.4,40,47,0.851,6.0,61.0,67.0,28,9.0,2.0,33.0,59,264,0,Arron Afflalo
9,201167,2015,00,0,TOT,29.0,78,72,2502.0,375,884,0.424,118,333,0.354,167,198,0.843,27.0,220.0,247.0,129,41.0,7.0,116.0,167,1035,0,Arron Afflalo
10,201167,2016,00,1610612752,NYK,30.0,71,57,2371.0,354,799,0.443,91,238,0.382,110,131,0.84,23.0,243.0,266.0,144,25.0,10.0,82.0,142,909,0,Arron Afflalo
11,201167,2017,00,1610612758,SAC,31.0,61,45,1580.0,185,420,0.44,62,151,0.411,83,93,0.892,9.0,116.0,125.0,78,21.0,6.0,42.0,104,515,0,Arron Afflalo
12,201167,2018,00,1610612753,ORL,32.0,53,3,682.0,65,162,0.401,27,70,0.386,22,26,0.846,4.0,62.0,66.0,30,4.0,9.0,21.0,56,179,0,Arron Afflalo
0,1630534,2023,00,1610612762,UTA,23.0,59,22,1209.0,165,386,0.427,81,228,0.355,56,69,0.812,43.0,78.0,121.0,67,16.0,15.0,41.0,99,467,0,Ochai Agbaji
1,1630534,2024,00,1610612762,UTA,23.0,21,9,432.0,51,110,0.464,28,69,0.406,6,8,0.75,18.0,36.0,54.0,22,14.0,12.0,15.0,30,136,0,Ochai Agbaji
0,200772,2007,00,1610612742,DAL,23.0,32,1,214.0,22,70,0.314,5,15,0.333,20,33,0.606,1.0,20.0,21.0,7,4.0,3.0,15.0,27,69,0,Maurice Ager
1,200772,2008,00,1610612742,DAL,24.0,12,3,77.0,5,27,0.185,0,8,0.0,5,6,0.833,1.0,3.0,4.0,4,0.0,1.0,3.0,11,15,0,Maurice Ager
2,200772,2008,00,1610612751,NJN,24.0,14,0,88.0,16,38,0.421,3,11,0.273,1,6,0.167,3.0,6.0,9.0,4,0.0,0.0,3.0,6,36,0,Maurice Ager
3,200772,2008,00,0,TOT,24.0,26,3,165.0,21,65,0.323,3,19,0.158,6,12,0.5,4.0,9.0,13.0,8,0.0,1.0,6.0,17,51,0,Maurice Ager
4,200772,2009,00,1610612751,NJN,25.0,20,0,97.0,15,43,0.349,0,6,0.0,4,8,0.5,3.0,7.0,10.0,3,1.0,2.0,4.0,17,34,0,Maurice Ager
5,200772,2011,00,1610612750,MIN,27.0,4,0,29.0,6,11,0.545,3,4,0.75,0,0,0.0,0.0,2.0,2.0,1,1.0,0.0,4.0,4,15,0,Maurice Ager
0,201336,2008,00,1610612748,MIA,24.0,12,0,177.0,15,57,0.263,10,34,0.294,30,31,0.968,1.0,18.0,19.0,19,6.0,0.0,16.0,20,70,0,Blake Ahearn
1,201336,2009,00,1610612759,SAS,25.0,3,0,19.0,2,6,0.333,2,4,0.5,2,2,1.0,0.0,1.0,1.0,2,1.0,0.0,1.0,3,8,0,Blake Ahearn
2,201336,2012,00,1610612762,UTA,28.0,4,0,30.0,4,14,0.286,2,9,0.222,0,0,0.0,0.0,2.0,2.0,1,0.0,0.0,5.0,4,10,0,Blake Ahearn
0,201582,2009,00,1610612766,CHA,21.0,31,4,182.0,25,69,0.362,0,2,0.0,20,28,0.714,9.0,21.0,30.0,3,7.0,6.0,12.0,34,70,0,Alexis Ajinca
1,201582,2010,00,1610612766,CHA,22.0,6,0,30.0,5,10,0.5,0,0,0.0,0,1,0.0,1.0,3.0,4.0,0,1.0,1.0,2.0,5,10,0,Alexis Ajinca
2,201582,2011,00,1610612742,DAL,23.0,10,2,75.0,12,32,0.375,3,7,0.429,2,3,0.667,5.0,12.0,17.0,2,3.0,5.0,1.0,13,29,0,Alexis Ajinca
3,201582,2011,00,1610612761,TOR,23.0,24,0,265.0,47,101,0.465,9,27,0.333,11,15,0.733,12.0,49.0,61.0,8,8.0,14.0,17.0,60,114,0,Alexis Ajinca
4,201582,2011,00,0,TOT,23.0,34,2,340.0,59,133,0.444,12,34,0.353,13,18,0.722,17.0,61.0,78.0,10,11.0,19.0,18.0,73,143,0,Alexis Ajinca
5,201582,2014,00,1610612740,NOP,26.0,56,30,951.0,136,249,0.546,0,1,0.0,56,67,0.836,94.0,183.0,277.0,40,23.0,46.0,63.0,187,328,0,Alexis Ajinca
6,201582,2015,00,1610612740,NOP,27.0,68,8,957.0,181,329,0.55,0,0,0.0,81,99,0.818,104.0,211.0,315.0,47,21.0,51.0,69.0,151,443,0,Alexis Ajinca
7,201582,2016,00,1610612740,NOP,28.0,59,17,861.0,150,315,0.476,0,1,0.0,52,62,0.839,75.0,194.0,269.0,31,19.0,36.0,54.0,134,352,0,Alexis Ajinca
8,201582,2017,00,1610612740,NOP,29.0,39,15,584.0,89,178,0.5,0,4,0.0,29,40,0.725,46.0,131.0,177.0,12,20.0,22.0,31.0,77,207,0,Alexis Ajinca
0,203006,2013,00,1610612742,DAL,27.0,3,0,9.0,2,4,0.5,1,2,0.5,0,0,0.0,0.0,1.0,1.0,1,0.0,0.0,0.0,3,5,0,Josh Akognon
0,1629152,2019,00,1610612743,DEN,26.0,7,0,22.0,3,10,0.3,0,4,0.0,1,2,0.5,1.0,3.0,4.0,6,2.0,0.0,2.0,4,7,0,DeVaughn Akoon-Purcell
0,202374,2011,00,1610612761,TOR,23.0,12,0,59.0,3,15,0.2,0,0,0.0,0,2,0.0,7.0,7.0,14.0,2,2.0,2.0,3.0,5,6,0,Solomon Alabi
1,202374,2012,00,1610612761,TOR,24.0,14,0,122.0,13,36,0.361,0,0,0.0,7,8,0.875,15.0,32.0,47.0,3,2.0,9.0,5.0,11,33,0,Solomon Alabi
0,1630583,2022,00,1610612763,MEM,21.0,32,0,360.0,53,132,0.402,6,48,0.125,20,32,0.625,33.0,54.0,87.0,21,6.0,10.0,16.0,36,132,0,Santi Aldama
1,1630583,2023,00,1610612763,MEM,22.0,77,20,1682.0,247,525,0.47,94,266,0.353,108,144,0.75,85.0,286.0,371.0,97,45.0,48.0,60.0,143,696,0,Santi Aldama
2,1630583,2024,00,1610612763,MEM,22.0,14,4,380.0,75,168,0.446,24,77,0.312,14,23,0.609,22.0,63.0,85.0,28,11.0,10.0,17.0,24,188,0,Santi Aldama
0,203128,2015,00,1610612755,PHI,23.0,41,9,540.0,40,78,0.513,0,5,0.0,13,27,0.481,78.0,98.0,176.0,28,17.0,16.0,17.0,96,93,0,Furkan Aldemir
0,202332,2011,00,1610612760,OKC,22.0,18,0,142.0,8,15,0.533,0,0,0.0,2,4,0.5,13.0,22.0,35.0,4,5.0,7.0,8.0,30,18,0,Cole Aldrich
1,202332,2012,00,1610612760,OKC,23.0,26,0,173.0,22,42,0.524,0,0,0.0,13,14,0.929,13.0,35.0,48.0,3,8.0,16.0,9.0,22,57,0,Cole Aldrich
2,202332,2013,00,1610612745,HOU,24.0,30,0,213.0,23,43,0.535,0,0,0.0,4,9,0.444,12.0,45.0,57.0,6,3.0,9.0,14.0,41,50,0,Cole Aldrich
3,202332,2013,00,1610612758,SAC,24.0,15,0,175.0,21,37,0.568,0,0,0.0,8,11,0.727,18.0,45.0,63.0,3,2.0,14.0,9.0,19,50,0,Cole Aldrich
4,202332,2013,00,0,TOT,24.0,45,0,388.0,44,80,0.55,0,0,0.0,12,20,0.6,30.0,90.0,120.0,9,5.0,23.0,23.0,60,100,0,Cole Aldrich
5,202332,2014,00,1610612752,NYK,25.0,46,2,330.0,33,61,0.541,0,0,0.0,26,30,0.867,37.0,92.0,129.0,14,8.0,30.0,18.0,40,92,0,Cole Aldrich
6,202332,2015,00,1610612752,NYK,26.0,61,16,976.0,144,301,0.478,0,0,0.0,50,64,0.781,101.0,237.0,338.0,75,37.0,65.0,59.0,122,338,0,Cole Aldrich
7,202332,2016,00,1610612746,LAC,27.0,60,5,800.0,134,225,0.596,0,0,0.0,60,84,0.714,86.0,202.0,288.0,50,47.0,68.0,64.0,139,328,0,Cole Aldrich
8,202332,2017,00,1610612750,MIN,28.0,62,0,531.0,45,86,0.523,0,0,0.0,15,22,0.682,51.0,107.0,158.0,25,25.0,23.0,17.0,85,105,0,Cole Aldrich
9,202332,2018,00,1610612750,MIN,29.0,21,0,49.0,5,15,0.333,0,0,0.0,2,6,0.333,3.0,12.0,15.0,3,2.0,1.0,1.0,11,12,0,Cole Aldrich
0,200746,2007,00,1610612757,POR,21.0,63,22,1392.0,241,479,0.503,0,2,0.0,83,115,0.722,144.0,168.0,312.0,24,22.0,73.0,43.0,186,565,0,LaMarcus Aldridge
1,200746,2008,00,1610612757,POR,22.0,76,76,2649.0,561,1160,0.484,1,7,0.143,227,298,0.762,220.0,358.0,578.0,122,55.0,94.0,126.0,240,1350,0,LaMarcus Aldridge
2,200746,2009,00,1610612757,POR,23.0,81,81,3004.0,601,1243,0.484,7,28,0.25,261,334,0.781,234.0,371.0,605.0,157,77.0,77.0,121.0,207,1470,0,LaMarcus Aldridge
3,200746,2010,00,1610612757,POR,24.0,78,78,2922.0,579,1169,0.495,5,16,0.313,230,304,0.757,192.0,435.0,627.0,160,67.0,48.0,104.0,231,1393,0,LaMarcus Aldridge
4,200746,2011,00,1610612757,POR,25.0,81,81,3211.0,707,1415,0.5,4,23,0.174,351,444,0.791,278.0,431.0,709.0,170,82.0,94.0,153.0,220,1769,3,LaMarcus Aldridge
5,200746,2012,00,1610612757,POR,26.0,55,55,1994.0,483,943,0.512,2,11,0.182,223,274,0.814,150.0,292.0,442.0,134,51.0,45.0,111.0,153,1191,0,LaMarcus Aldridge
6,200746,2013,00,1610612757,POR,27.0,74,74,2790.0,638,1318,0.484,2,14,0.143,282,348,0.81,175.0,495.0,670.0,192,62.0,91.0,143.0,187,1560,0,LaMarcus Aldridge
7,200746,2014,00,1610612757,POR,28.0,69,69,2499.0,652,1423,0.458,3,15,0.2,296,360,0.822,166.0,599.0,765.0,178,63.0,68.0,123.0,147,1603,3,LaMarcus Aldridge
8,200746,2015,00,1610612757,POR,29.0,71,71,2512.0,659,1415,0.466,37,105,0.352,306,362,0.845,177.0,549.0,726.0,124,48.0,68.0,122.0,125,1661,2,LaMarcus Aldridge
9,200746,2016,00,1610612759,SAS,30.0,74,74,2261.0,536,1045,0.513,0,16,0.0,259,302,0.858,176.0,456.0,632.0,110,38.0,81.0,99.0,151,1331,3,LaMarcus Aldridge
10,200746,2017,00,1610612759,SAS,31.0,72,72,2335.0,500,1049,0.477,23,56,0.411,220,271,0.812,172.0,351.0,523.0,139,46.0,88.0,98.0,158,1243,0,LaMarcus Aldridge
11,200746,2018,00,1610612759,SAS,32.0,75,75,2509.0,687,1347,0.51,27,92,0.293,334,399,0.837,246.0,389.0,635.0,152,43.0,90.0,111.0,161,1735,2,LaMarcus Aldridge
12,200746,2019,00,1610612759,SAS,33.0,81,81,2687.0,684,1319,0.519,10,42,0.238,349,412,0.847,251.0,493.0,744.0,194,43.0,107.0,144.0,179,1727,0,LaMarcus Aldridge
13,200746,2020,00,1610612759,SAS,34.0,53,53,1754.0,391,793,0.493,61,157,0.389,158,191,0.827,103.0,289.0,392.0,129,36.0,87.0,74.0,128,1001,0,LaMarcus Aldridge
14,200746,2021,00,1610612759,SAS,35.0,21,18,544.0,115,248,0.464,27,75,0.36,31,37,0.838,17.0,77.0,94.0,36,8.0,18.0,20.0,36,288,0,LaMarcus Aldridge
15,200746,2021,00,1610612751,BKN,35.0,5,5,130.0,25,48,0.521,4,5,0.8,10,10,1.0,2.0,22.0,24.0,13,3.0,11.0,7.0,11,64,0,LaMarcus Aldridge
16,200746,2021,00,0,TOT,35.0,26,23,674.0,140,296,0.473,31,80,0.388,41,47,0.872,19.0,99.0,118.0,49,11.0,29.0,27.0,47,352,0,LaMarcus Aldridge
17,200746,2022,00,1610612751,BKN,36.0,47,12,1050.0,252,458,0.55,14,46,0.304,89,102,0.873,73.0,185.0,258.0,42,14.0,47.0,44.0,78,607,0,LaMarcus Aldridge
0,1626146,2016,00,1610612757,POR,20.0,8,0,36.0,5,10,0.5,0,0,0.0,0,0,0.0,2.0,4.0,6.0,0,1.0,2.0,1.0,1,10,0,Cliff Alexander
2,724,1998,00,1610612759,SAS,25.0,37,3,501.0,60,145,0.414,20,64,0.313,25,37,0.676,7.0,40.0,47.0,71,25.0,5.0,47.0,53,165,0,Cory Alexander
3,724,1998,00,1610612743,DEN,25.0,23,19,797.0,111,255,0.435,46,112,0.411,55,65,0.846,10.0,89.0,99.0,138,45.0,6.0,65.0,45,323,0,Cory Alexander
4,724,1998,00,0,TOT,25.0,60,22,1298.0,171,400,0.428,66,176,0.375,80,102,0.784,17.0,129.0,146.0,209,70.0,11.0,112.0,98,488,0,Cory Alexander
5,724,1999,00,1610612743,DEN,26.0,36,4,778.0,97,260,0.373,30,105,0.286,37,44,0.841,7.0,67.0,74.0,119,35.0,5.0,69.0,77,261,0,Cory Alexander
6,724,2000,00,1610612743,DEN,27.0,29,2,329.0,28,98,0.286,9,35,0.257,17,22,0.773,8.0,34.0,42.0,58,24.0,2.0,28.0,39,82,0,Cory Alexander
7,724,2001,00,1610612753,ORL,28.0,26,0,223.0,18,56,0.321,4,16,0.25,12,18,0.667,0.0,25.0,25.0,36,16.0,0.0,25.0,29,52,0,Cory Alexander
8,724,2005,00,1610612766,CHA,32.0,16,1,201.0,16,49,0.327,8,19,0.421,9,12,0.75,8.0,21.0,29.0,37,9.0,1.0,19.0,29,49,0,Cory Alexander
0,2042,2001,00,1610612742,DAL,24.0,38,6,472.0,62,178,0.348,3,10,0.3,33,45,0.733,20.0,43.0,63.0,21,16.0,3.0,21.0,76,160,0,Courtney Alexander
1,2042,2001,00,1610612764,WAS,24.0,27,18,910.0,177,395,0.448,14,36,0.389,90,105,0.857,22.0,58.0,80.0,41,29.0,2.0,54.0,63,458,0,Courtney Alexander
2,2042,2001,00,0,TOT,24.0,65,24,472.0,239,573,0.417,17,46,0.37,123,150,0.82,42.0,101.0,143.0,62,45.0,5.0,75.0,139,618,0,Courtney Alexander
3,2042,2002,00,1610612764,WAS,25.0,56,28,1325.0,223,474,0.47,5,18,0.278,98,121,0.81,43.0,105.0,148.0,86,35.0,7.0,60.0,113,549,0,Courtney Alexander
4,2042,2003,00,1610612740,NOH,26.0,66,7,1360.0,193,505,0.382,19,57,0.333,118,146,0.808,39.0,79.0,118.0,79,31.0,6.0,68.0,125,523,0,Courtney Alexander
0,201570,2009,00,1610612749,MIL,22.0,59,0,716.0,102,245,0.416,16,46,0.348,58,83,0.699,44.0,71.0,115.0,42,15.0,29.0,52.0,107,278,0,Joe Alexander
1,201570,2010,00,1610612741,CHI,23.0,8,0,29.0,1,6,0.167,0,1,0.0,2,3,0.667,2.0,3.0,5.0,2,1.0,1.0,0.0,9,4,0,Joe Alexander
0,1629734,2020,00,1610612748,MIA,23.0,2,0,13.0,1,2,0.5,0,0,0.0,0,0,0.0,2.0,1.0,3.0,0,0.0,0.0,1.0,1,2,0,Kyle Alexander
0,1630234,2021,00,1610612756,PHX,22.0,15,0,47.0,3,12,0.25,2,9,0.222,1,2,0.5,2.0,8.0,10.0,6,0.0,1.0,3.0,2,9,0,Ty-Shon Alexander
4,2349,2002,00,1610612765,DET,32.0,15,0,97.0,18,51,0.353,0,2,0.0,4,8,0.5,7.0,22.0,29.0,6,0.0,1.0,5.0,6,40,0,Victor Alexander
0,1629638,2020,00,1610612740,NOP,21.0,47,1,591.0,98,266,0.368,46,133,0.346,25,37,0.676,9.0,75.0,84.0,89,17.0,8.0,54.0,57,267,0,Nickeil Alexander-Walker
1,1629638,2021,00,1610612740,NOP,22.0,46,13,1007.0,192,458,0.419,76,219,0.347,48,66,0.727,13.0,131.0,144.0,102,47.0,22.0,69.0,88,508,0,Nickeil Alexander-Walker
2,1629638,2022,00,1610612740,NOP,23.0,50,19,1317.0,237,632,0.375,95,305,0.311,70,97,0.722,36.0,128.0,164.0,139,41.0,19.0,85.0,88,639,0,Nickeil Alexander-Walker
3,1629638,2022,00,1610612762,UTA,23.0,15,2,149.0,16,48,0.333,10,33,0.303,11,12,0.917,1.0,22.0,23.0,17,5.0,4.0,8.0,15,53,0,Nickeil Alexander-Walker
4,1629638,2022,00,0,TOT,23.0,65,21,1466.0,253,680,0.372,105,338,0.311,81,109,0.743,37.0,150.0,187.0,156,46.0,23.0,93.0,103,692,0,Nickeil Alexander-Walker
5,1629638,2023,00,1610612762,UTA,24.0,36,3,528.0,83,170,0.488,35,87,0.402,27,39,0.692,8.0,51.0,59.0,76,24.0,14.0,45.0,58,228,0,Nickeil Alexander-Walker
6,1629638,2023,00,1610612750,MIN,24.0,23,0,356.0,48,125,0.384,26,72,0.361,13,21,0.619,7.0,35.0,42.0,32,8.0,7.0,10.0,30,135,0,Nickeil Alexander-Walker
7,1629638,2023,00,0,TOT,24.0,59,3,884.0,131,295,0.444,61,159,0.384,40,60,0.667,15.0,86.0,101.0,108,32.0,21.0,55.0,88,363,0,Nickeil Alexander-Walker
8,1629638,2024,00,1610612750,MIN,25.0,20,9,466.0,51,125,0.408,27,81,0.333,5,11,0.455,8.0,35.0,43.0,51,18.0,14.0,21.0,38,134,0,Nickeil Alexander-Walker
0,1628959,2019,00,1610612741,CHI,21.0,10,1,120.0,13,39,0.333,3,12,0.25,8,12,0.667,11.0,15.0,26.0,13,1.0,0.0,8.0,7,37,0,Rawle Alkins
0,1628960,2019,00,1610612762,UTA,23.0,38,2,416.0,67,178,0.376,32,99,0.323,45,60,0.75,3.0,20.0,23.0,25,6.0,6.0,33.0,47,211,0,Grayson Allen
1,1628960,2020,00,1610612763,MEM,24.0,38,0,718.0,117,251,0.466,57,141,0.404,39,45,0.867,8.0,77.0,85.0,52,10.0,2.0,33.0,53,330,0,Grayson Allen
2,1628960,2021,00,1610612763,MEM,25.0,50,38,1260.0,173,414,0.418,107,274,0.391,79,91,0.868,19.0,141.0,160.0,108,46.0,8.0,48.0,71,532,0,Grayson Allen
3,1628960,2022,00,1610612749,MIL,26.0,66,61,1805.0,255,569,0.448,159,389,0.409,64,74,0.865,32.0,190.0,222.0,100,46.0,18.0,43.0,96,733,0,Grayson Allen
4,1628960,2023,00,1610612749,MIL,27.0,72,70,1972.0,245,557,0.44,146,366,0.399,114,126,0.905,61.0,176.0,237.0,163,62.0,14.0,72.0,117,750,0,Grayson Allen
5,1628960,2024,00,1610612756,PHX,28.0,19,19,629.0,78,162,0.481,44,94,0.468,34,38,0.895,14.0,72.0,86.0,55,13.0,8.0,28.0,44,234,0,Grayson Allen
0,1628386,2018,00,1610612751,BKN,20.0,72,31,1441.0,234,397,0.589,5,15,0.333,114,147,0.776,144.0,244.0,388.0,49,28.0,88.0,82.0,147,587,0,Jarrett Allen
1,1628386,2019,00,1610612751,BKN,21.0,80,80,2096.0,335,568,0.59,6,45,0.133,197,278,0.709,191.0,481.0,672.0,110,43.0,120.0,103.0,184,873,0,Jarrett Allen
2,1628386,2020,00,1610612751,BKN,22.0,70,64,1852.0,302,465,0.649,0,6,0.0,171,270,0.633,216.0,455.0,671.0,110,40.0,92.0,77.0,162,775,0,Jarrett Allen
3,1628386,2021,00,1610612751,BKN,23.0,12,5,320.0,44,65,0.677,0,0,0.0,46,61,0.754,38.0,87.0,125.0,20,7.0,19.0,22.0,21,134,0,Jarrett Allen
4,1628386,2021,00,1610612739,CLE,23.0,51,40,1544.0,254,417,0.609,6,19,0.316,158,229,0.69,158.0,348.0,506.0,86,25.0,71.0,78.0,75,672,0,Jarrett Allen
5,1628386,2021,00,0,TOT,23.0,63,45,1864.0,298,482,0.618,6,19,0.316,204,290,0.703,196.0,435.0,631.0,106,32.0,90.0,100.0,96,806,0,Jarrett Allen
6,1628386,2022,00,1610612739,CLE,24.0,56,56,1810.0,369,545,0.677,1,10,0.1,165,233,0.708,192.0,410.0,602.0,92,44.0,75.0,94.0,97,904,0,Jarrett Allen
7,1628386,2023,00,1610612739,CLE,25.0,68,68,2220.0,403,626,0.644,1,10,0.1,162,221,0.733,221.0,445.0,666.0,113,54.0,84.0,93.0,153,969,0,Jarrett Allen
8,1628386,2024,00,1610612739,CLE,25.0,16,16,460.0,87,125,0.696,0,0,0.0,41,55,0.745,50.0,82.0,132.0,37,9.0,17.0,30.0,45,215,0,Jarrett Allen
0,1628443,2018,00,1610612738,BOS,25.0,18,1,107.0,6,22,0.273,0,11,0.0,7,9,0.778,4.0,7.0,11.0,12,3.0,2.0,9.0,15,19,0,Kadeem Allen
1,1628443,2019,00,1610612752,NYK,26.0,19,1,416.0,65,141,0.461,17,36,0.472,42,54,0.778,8.0,43.0,51.0,76,16.0,4.0,26.0,46,189,0,Kadeem Allen
2,1628443,2020,00,1610612752,NYK,27.0,10,0,117.0,19,44,0.432,5,16,0.313,7,11,0.636,2.0,7.0,9.0,21,5.0,2.0,8.0,7,50,0,Kadeem Allen
0,202730,2012,00,1610612755,PHI,23.0,41,15,624.0,79,167,0.473,0,0,0.0,11,14,0.786,47.0,124.0,171.0,34,13.0,18.0,20.0,73,169,0,Lavoy Allen
1,202730,2013,00,1610612755,PHI,24.0,79,37,1669.0,206,454,0.454,0,1,0.0,43,60,0.717,159.0,236.0,395.0,73,24.0,55.0,55.0,180,455,0,Lavoy Allen
2,202730,2014,00,1610612755,PHI,25.0,51,2,960.0,117,266,0.44,2,13,0.154,27,40,0.675,106.0,171.0,277.0,65,22.0,27.0,40.0,115,263,0,Lavoy Allen
3,202730,2014,00,1610612754,IND,25.0,14,0,112.0,17,34,0.5,0,0,0.0,6,10,0.6,13.0,21.0,34.0,6,2.0,6.0,4.0,11,40,0,Lavoy Allen
4,202730,2014,00,0,TOT,25.0,65,2,1071.0,134,300,0.447,2,13,0.154,33,50,0.66,119.0,192.0,311.0,71,24.0,33.0,44.0,126,303,0,Lavoy Allen
5,202730,2015,00,1610612754,IND,26.0,63,0,1070.0,141,299,0.472,0,0,0.0,33,47,0.702,123.0,200.0,323.0,73,15.0,42.0,40.0,102,315,0,Lavoy Allen
6,202730,2016,00,1610612754,IND,27.0,79,28,1599.0,191,370,0.516,0,0,0.0,46,73,0.63,162.0,262.0,424.0,76,26.0,42.0,69.0,147,428,0,Lavoy Allen
7,202730,2017,00,1610612754,IND,28.0,61,5,871.0,77,168,0.458,0,1,0.0,23,33,0.697,105.0,114.0,219.0,57,18.0,24.0,29.0,78,177,0,Lavoy Allen
0,2124,2002,00,1610612748,MIA,24.0,12,2,161.0,22,51,0.431,0,1,0.0,8,10,0.8,15.0,23.0,38.0,5,3.0,8.0,2.0,16,52,0,Malik Allen
1,2124,2003,00,1610612748,MIA,25.0,80,73,2320.0,335,790,0.424,0,4,0.0,97,121,0.802,134.0,291.0,425.0,54,37.0,78.0,128.0,234,767,0,Malik Allen
2,2124,2004,00,1610612748,MIA,26.0,45,6,616.0,83,198,0.419,0,0,0.0,25,33,0.758,42.0,77.0,119.0,16,12.0,28.0,27.0,81,191,0,Malik Allen
3,2124,2005,00,1610612748,MIA,27.0,14,0,248.0,35,76,0.461,0,0,0.0,13,14,0.929,24.0,28.0,52.0,11,4.0,11.0,11.0,29,83,0,Malik Allen
4,2124,2005,00,1610612766,CHA,27.0,22,1,271.0,49,101,0.485,0,0,0.0,13,14,0.929,16.0,31.0,47.0,7,5.0,11.0,7.0,24,111,0,Malik Allen
5,2124,2005,00,0,TOT,27.0,36,1,519.0,84,177,0.475,0,0,0.0,26,28,0.929,40.0,59.0,99.0,18,9.0,22.0,18.0,53,194,0,Malik Allen
6,2124,2006,00,1610612741,CHI,28.0,54,20,701.0,121,247,0.49,1,1,1.0,23,38,0.605,44.0,96.0,140.0,20,14.0,16.0,34.0,92,266,0,Malik Allen
7,2124,2007,00,1610612741,CHI,29.0,60,1,638.0,107,258,0.415,0,1,0.0,28,34,0.824,42.0,77.0,119.0,16,17.0,16.0,21.0,85,242,0,Malik Allen
8,2124,2008,00,1610612751,NJN,30.0,48,12,763.0,124,261,0.475,1,2,0.5,12,13,0.923,42.0,86.0,128.0,29,15.0,21.0,32.0,89,261,0,Malik Allen
9,2124,2008,00,1610612742,DAL,30.0,25,4,333.0,33,66,0.5,0,0,0.0,11,12,0.917,24.0,44.0,68.0,15,4.0,10.0,13.0,60,77,0,Malik Allen
10,2124,2008,00,0,TOT,30.0,73,16,1096.0,157,327,0.48,1,2,0.5,23,25,0.92,66.0,130.0,196.0,44,19.0,31.0,45.0,149,338,0,Malik Allen
11,2124,2009,00,1610612749,MIL,31.0,49,3,579.0,73,170,0.429,0,1,0.0,10,21,0.476,35.0,68.0,103.0,35,7.0,12.0,20.0,89,156,0,Malik Allen
12,2124,2010,00,1610612743,DEN,32.0,51,3,456.0,46,116,0.397,1,6,0.167,12,13,0.923,36.0,46.0,82.0,16,11.0,5.0,22.0,68,105,0,Malik Allen
13,2124,2011,00,1610612753,ORL,33.0,18,0,178.0,11,31,0.355,0,0,0.0,1,2,0.5,12.0,20.0,32.0,4,1.0,4.0,3.0,30,23,0,Malik Allen
1,951,1998,00,1610612749,MIL,22.0,82,82,3287.0,563,1315,0.428,134,368,0.364,342,391,0.875,127.0,278.0,405.0,356,111.0,12.0,263.0,244,1602,0,Ray Allen
2,951,1999,00,1610612749,MIL,23.0,50,50,1719.0,303,673,0.45,74,208,0.356,176,195,0.903,57.0,155.0,212.0,178,53.0,7.0,122.0,117,856,0,Ray Allen
3,951,2000,00,1610612749,MIL,24.0,82,82,3070.0,642,1411,0.455,172,407,0.423,353,398,0.887,83.0,276.0,359.0,308,110.0,19.0,183.0,187,1809,0,Ray Allen
4,951,2001,00,1610612749,MIL,25.0,82,82,3129.0,628,1309,0.48,202,467,0.433,348,392,0.888,101.0,327.0,428.0,374,124.0,20.0,204.0,192,1806,3,Ray Allen
5,951,2002,00,1610612749,MIL,26.0,69,67,2525.0,530,1148,0.462,229,528,0.434,214,245,0.873,81.0,231.0,312.0,271,88.0,18.0,159.0,157,1503,0,Ray Allen
6,951,2003,00,1610612749,MIL,27.0,47,46,1683.0,351,803,0.437,123,311,0.395,178,195,0.913,45.0,173.0,218.0,164,57.0,11.0,117.0,149,1003,0,Ray Allen
7,951,2003,00,1610612760,SEA,27.0,29,29,1197.0,247,560,0.441,78,222,0.351,138,150,0.92,49.0,114.0,163.0,170,46.0,3.0,81.0,71,710,0,Ray Allen
8,951,2003,00,0,TOT,27.0,76,75,2880.0,598,1363,0.439,201,533,0.377,316,345,0.916,94.0,287.0,381.0,334,103.0,14.0,198.0,220,1713,0,Ray Allen
9,951,2004,00,1610612760,SEA,28.0,56,56,2152.0,447,1017,0.44,148,378,0.392,245,271,0.904,69.0,217.0,286.0,268,71.0,11.0,156.0,132,1287,0,Ray Allen
10,951,2005,00,1610612760,SEA,29.0,78,78,3064.0,640,1494,0.428,209,556,0.376,378,428,0.883,79.0,268.0,347.0,289,84.0,5.0,171.0,167,1867,2,Ray Allen
11,951,2006,00,1610612760,SEA,30.0,78,78,3022.0,681,1500,0.454,269,653,0.412,324,359,0.903,71.0,261.0,332.0,286,105.0,16.0,188.0,151,1955,0,Ray Allen
12,951,2007,00,1610612760,SEA,31.0,55,55,2219.0,505,1153,0.438,165,443,0.372,279,309,0.903,57.0,190.0,247.0,228,82.0,11.0,154.0,113,1454,0,Ray Allen
13,951,2008,00,1610612738,BOS,32.0,73,73,2624.0,439,986,0.445,180,452,0.398,215,237,0.907,75.0,193.0,268.0,225,65.0,16.0,127.0,147,1273,0,Ray Allen
14,951,2009,00,1610612738,BOS,33.0,79,79,2876.0,499,1040,0.48,199,486,0.409,237,249,0.952,66.0,212.0,278.0,218,69.0,13.0,134.0,157,1434,0,Ray Allen
15,951,2010,00,1610612738,BOS,34.0,80,80,2819.0,464,973,0.477,145,399,0.363,231,253,0.913,45.0,208.0,253.0,210,64.0,25.0,129.0,182,1304,0,Ray Allen
16,951,2011,00,1610612738,BOS,35.0,80,80,2890.0,480,978,0.491,168,378,0.444,193,219,0.881,51.0,223.0,274.0,219,77.0,16.0,117.0,147,1321,0,Ray Allen
17,951,2012,00,1610612738,BOS,36.0,46,42,1565.0,226,493,0.458,106,234,0.453,97,106,0.915,14.0,128.0,142.0,109,49.0,8.0,68.0,83,655,0,Ray Allen
18,951,2013,00,1610612748,MIA,37.0,79,0,2035.0,292,651,0.449,139,332,0.419,140,158,0.886,40.0,177.0,217.0,135,67.0,15.0,103.0,129,863,0,Ray Allen
19,951,2014,00,1610612748,MIA,38.0,73,9,1936.0,240,543,0.442,116,309,0.375,105,116,0.905,23.0,182.0,205.0,143,54.0,8.0,84.0,115,701,0,Ray Allen
0,2754,2005,00,1610612738,BOS,23.0,77,34,1260.0,184,387,0.475,12,31,0.387,112,152,0.737,85.0,136.0,221.0,64,76.0,24.0,77.0,156,492,0,Tony Allen
1,2754,2006,00,1610612738,BOS,24.0,51,9,978.0,129,274,0.471,11,34,0.324,100,134,0.746,32.0,79.0,111.0,67,51.0,18.0,67.0,126,369,0,Tony Allen
2,2754,2007,00,1610612738,BOS,25.0,33,18,805.0,133,259,0.514,8,33,0.242,105,134,0.784,35.0,89.0,124.0,56,49.0,12.0,75.0,87,379,0,Tony Allen
3,2754,2008,00,1610612738,BOS,26.0,75,11,1373.0,169,389,0.434,18,57,0.316,138,181,0.762,34.0,134.0,168.0,114,62.0,21.0,109.0,168,494,0,Tony Allen
4,2754,2009,00,1610612738,BOS,27.0,46,2,887.0,137,284,0.482,6,27,0.222,79,109,0.725,22.0,82.0,104.0,66,54.0,23.0,77.0,98,359,0,Tony Allen
5,2754,2010,00,1610612738,BOS,28.0,54,8,889.0,129,253,0.51,0,5,0.0,72,119,0.605,52.0,93.0,145.0,72,59.0,19.0,66.0,109,330,0,Tony Allen
6,2754,2011,00,1610612763,MEM,29.0,72,31,1494.0,251,492,0.51,4,23,0.174,137,182,0.753,70.0,123.0,193.0,104,129.0,44.0,86.0,161,643,0,Tony Allen
7,2754,2012,00,1610612763,MEM,30.0,58,57,1525.0,210,448,0.469,8,26,0.308,140,175,0.8,98.0,135.0,233.0,79,104.0,33.0,94.0,142,568,0,Tony Allen
8,2754,2013,00,1610612763,MEM,31.0,79,79,2109.0,284,638,0.445,3,24,0.125,134,187,0.717,121.0,242.0,363.0,98,119.0,44.0,94.0,211,705,0,Tony Allen
9,2754,2014,00,1610612763,MEM,32.0,55,28,1278.0,204,413,0.494,11,47,0.234,76,121,0.628,79.0,129.0,208.0,94,90.0,19.0,90.0,121,495,0,Tony Allen
10,2754,2015,00,1610612763,MEM,33.0,63,41,1648.0,225,455,0.495,10,29,0.345,79,126,0.627,103.0,177.0,280.0,86,129.0,30.0,86.0,166,539,0,Tony Allen
11,2754,2016,00,1610612763,MEM,34.0,64,57,1620.0,215,469,0.458,15,42,0.357,90,138,0.652,104.0,192.0,296.0,70,110.0,18.0,78.0,175,535,0,Tony Allen
12,2754,2017,00,1610612763,MEM,35.0,71,66,1914.0,274,595,0.461,15,54,0.278,80,130,0.615,166.0,225.0,391.0,98,115.0,29.0,100.0,178,643,0,Tony Allen
13,2754,2018,00,1610612740,NOP,36.0,22,0,273.0,44,91,0.484,4,12,0.333,11,21,0.524,20.0,27.0,47.0,9,11.0,3.0,19.0,49,103,0,Tony Allen
0,200984,2008,00,1610612739,CLE,27.0,3,0,10.0,1,4,0.25,0,0,0.0,1,2,0.5,0.0,1.0,1.0,0,0.0,0.0,0.0,1,3,0,Lance Allred
0,201165,2008,00,1610612762,UTA,23.0,9,0,39.0,4,15,0.267,1,4,0.25,4,6,0.667,0.0,2.0,2.0,3,1.0,0.0,2.0,5,13,0,Morris Almond
1,201165,2009,00,1610612762,UTA,24.0,25,1,255.0,33,81,0.407,5,17,0.294,21,26,0.808,9.0,27.0,36.0,7,4.0,4.0,16.0,31,92,0,Morris Almond
2,201165,2012,00,1610612764,WAS,27.0,4,0,67.0,6,17,0.353,1,3,0.333,1,3,0.333,1.0,7.0,8.0,2,7.0,0.0,1.0,6,14,0,Morris Almond
0,1747,2000,00,1610612749,MIL,23.0,27,0,361.0,27,95,0.284,3,14,0.214,3,4,0.75,5.0,18.0,23.0,70,12.0,0.0,29.0,29,60,0,Rafer Alston
1,1747,2001,00,1610612749,MIL,24.0,37,2,287.0,30,84,0.357,8,30,0.267,9,13,0.692,4.0,27.0,31.0,68,13.0,0.0,20.0,27,77,0,Rafer Alston
2,1747,2002,00,1610612749,MIL,25.0,50,7,596.0,66,191,0.346,27,71,0.38,18,29,0.621,10.0,62.0,72.0,143,32.0,2.0,40.0,42,177,0,Rafer Alston
3,1747,2003,00,1610612761,TOR,26.0,47,4,983.0,139,335,0.415,51,130,0.392,37,54,0.685,21.0,86.0,107.0,192,38.0,15.0,86.0,120,366,0,Rafer Alston
4,1747,2004,00,1610612748,MIA,27.0,82,28,2581.0,287,764,0.376,161,434,0.371,103,134,0.769,26.0,200.0,226.0,372,114.0,18.0,128.0,212,838,0,Rafer Alston
5,1747,2005,00,1610612761,TOR,28.0,80,78,2718.0,403,974,0.414,139,389,0.357,191,258,0.74,42.0,237.0,279.0,514,118.0,7.0,170.0,212,1136,0,Rafer Alston
6,1747,2006,00,1610612745,HOU,29.0,63,63,2431.0,280,738,0.379,102,312,0.327,99,143,0.692,36.0,219.0,255.0,425,101.0,15.0,157.0,194,761,0,Rafer Alston
7,1747,2007,00,1610612745,HOU,30.0,82,82,3040.0,383,1020,0.375,192,529,0.363,130,177,0.734,29.0,253.0,282.0,444,129.0,10.0,170.0,195,1088,0,Rafer Alston
8,1747,2008,00,1610612745,HOU,31.0,74,74,2526.0,364,924,0.394,143,407,0.351,98,137,0.715,28.0,232.0,260.0,392,98.0,18.0,160.0,139,969,0,Rafer Alston
9,1747,2009,00,1610612745,HOU,32.0,48,48,1591.0,193,522,0.37,80,230,0.348,86,109,0.789,25.0,119.0,144.0,258,57.0,7.0,88.0,72,552,0,Rafer Alston
10,1747,2009,00,1610612753,ORL,32.0,29,28,856.0,123,298,0.413,32,101,0.317,70,99,0.707,8.0,75.0,83.0,148,51.0,3.0,52.0,63,348,0,Rafer Alston
11,1747,2009,00,0,TOT,32.0,77,76,2447.0,316,820,0.385,112,331,0.338,156,208,0.75,33.0,194.0,227.0,406,108.0,10.0,140.0,135,900,0,Rafer Alston
12,1747,2010,00,1610612751,NJN,33.0,27,13,766.0,95,277,0.343,28,87,0.322,44,54,0.815,9.0,66.0,75.0,104,27.0,5.0,61.0,50,262,0,Rafer Alston
13,1747,2010,00,1610612748,MIA,33.0,25,25,655.0,60,169,0.355,30,81,0.37,15,27,0.556,4.0,50.0,54.0,72,23.0,5.0,34.0,53,165,0,Rafer Alston
14,1747,2010,00,0,TOT,33.0,52,38,1420.0,155,446,0.348,58,168,0.345,59,81,0.728,13.0,116.0,129.0,176,50.0,10.0,95.0,103,427,0,Rafer Alston
0,1824,1999,00,1610612758,SAC,26.0,2,0,5.0,1,2,0.5,0,0,0.0,0,0,0.0,1.0,1.0,2.0,0,1.0,1.0,2.0,4,2,0,Peter Aluma
0,1630631,2022,00,1610612740,NOP,24.0,54,1,834.0,131,294,0.446,32,110,0.291,36,53,0.679,25.0,75.0,100.0,152,71.0,7.0,40.0,73,330,0,Jose Alvarado
1,1630631,2023,00,1610612740,NOP,25.0,61,10,1310.0,201,489,0.411,83,247,0.336,65,80,0.813,28.0,113.0,141.0,186,67.0,10.0,81.0,125,550,0,Jose Alvarado
2,1630631,2024,00,1610612740,NOP,25.0,9,0,151.0,25,58,0.431,13,30,0.433,3,8,0.375,4.0,15.0,19.0,20,11.0,3.0,9.0,11,66,0,Jose Alvarado
1,680,2000,00,1610612753,ORL,29.0,80,53,1684.0,306,700,0.437,1,6,0.167,223,291,0.766,62.0,204.0,266.0,95,35.0,37.0,139.0,161,836,0,John Amaechi
2,680,2001,00,1610612753,ORL,30.0,82,36,1711.0,237,592,0.4,0,7,0.0,176,279,0.631,77.0,191.0,268.0,74,28.0,29.0,124.0,175,650,0,John Amaechi
3,680,2002,00,1610612762,UTA,31.0,54,0,586.0,54,166,0.325,0,0,0.0,67,105,0.638,52.0,57.0,109.0,29,7.0,10.0,55.0,64,175,0,John Amaechi
4,680,2003,00,1610612762,UTA,32.0,50,1,475.0,37,118,0.314,0,0,0.0,25,52,0.481,26.0,51.0,77.0,21,14.0,7.0,34.0,50,99,0,John Amaechi
0,202329,2011,00,1610612746,LAC,20.0,81,14,1452.0,160,406,0.394,45,143,0.315,92,119,0.773,75.0,192.0,267.0,60,59.0,25.0,103.0,121,457,0,Al-Farouq Aminu
1,202329,2012,00,1610612740,NOH,21.0,66,21,1477.0,150,365,0.411,13,47,0.277,86,114,0.754,95.0,213.0,308.0,66,59.0,34.0,91.0,136,399,0,Al-Farouq Aminu
2,202329,2013,00,1610612740,NOH,22.0,76,71,2066.0,225,474,0.475,4,19,0.211,101,137,0.737,139.0,446.0,585.0,103,92.0,51.0,116.0,153,555,0,Al-Farouq Aminu
3,202329,2014,00,1610612740,NOP,23.0,80,65,2045.0,234,494,0.474,13,48,0.271,91,137,0.664,129.0,367.0,496.0,114,82.0,38.0,88.0,147,572,0,Al-Farouq Aminu
4,202329,2015,00,1610612742,DAL,24.0,74,3,1366.0,147,357,0.412,34,124,0.274,84,118,0.712,114.0,228.0,342.0,59,70.0,62.0,55.0,137,412,0,Al-Farouq Aminu
5,202329,2016,00,1610612757,POR,25.0,82,82,2341.0,299,719,0.416,126,349,0.361,115,156,0.737,98.0,401.0,499.0,138,72.0,53.0,120.0,171,839,0,Al-Farouq Aminu
6,202329,2017,00,1610612757,POR,26.0,61,25,1773.0,183,466,0.393,70,212,0.33,96,136,0.706,77.0,374.0,451.0,99,60.0,44.0,94.0,102,532,0,Al-Farouq Aminu
7,202329,2018,00,1610612757,POR,27.0,69,67,2072.0,230,582,0.395,125,339,0.369,59,80,0.738,97.0,428.0,525.0,84,79.0,40.0,79.0,136,644,0,Al-Farouq Aminu
8,202329,2019,00,1610612757,POR,28.0,81,81,2292.0,257,593,0.433,96,280,0.343,150,173,0.867,112.0,498.0,610.0,104,68.0,33.0,72.0,143,760,0,Al-Farouq Aminu
9,202329,2020,00,1610612753,ORL,29.0,18,2,380.0,25,86,0.291,9,36,0.25,19,29,0.655,24.0,63.0,87.0,21,18.0,8.0,17.0,27,78,0,Al-Farouq Aminu
10,202329,2021,00,1610612753,ORL,30.0,17,14,367.0,36,89,0.404,7,31,0.226,14,17,0.824,20.0,71.0,91.0,29,17.0,9.0,25.0,22,93,0,Al-Farouq Aminu
11,202329,2021,00,1610612741,CHI,30.0,6,0,67.0,2,10,0.2,1,6,0.167,4,5,0.8,2.0,17.0,19.0,2,2.0,0.0,3.0,7,9,0,Al-Farouq Aminu
12,202329,2021,00,0,TOT,30.0,23,14,434.0,38,99,0.384,8,37,0.216,18,22,0.818,22.0,88.0,110.0,31,19.0,9.0,28.0,29,102,0,Al-Farouq Aminu
0,200811,2007,00,1610612762,UTA,24.0,1,0,2.0,0,0,0.0,0,0,0.0,0,0,0.0,0.0,0.0,0.0,0,0.0,0.0,0.0,0,0,0,Lou Amundson
1,200811,2007,00,1610612755,PHI,24.0,10,0,87.0,6,15,0.4,0,0,0.0,4,10,0.4,13.0,15.0,28.0,1,1.0,8.0,5.0,15,16,0,Lou Amundson
2,200811,2007,00,0,TOT,24.0,11,0,89.0,6,15,0.4,0,0,0.0,4,10,0.4,13.0,15.0,28.0,1,1.0,8.0,5.0,15,16,0,Lou Amundson
3,200811,2008,00,1610612755,PHI,25.0,16,0,64.0,8,16,0.5,0,0,0.0,2,7,0.286,7.0,5.0,12.0,0,1.0,1.0,2.0,13,18,0,Lou Amundson
4,200811,2009,00,1610612756,PHX,26.0,76,0,1044.0,134,250,0.536,0,1,0.0,53,120,0.442,128.0,142.0,270.0,28,32.0,65.0,56.0,154,321,0,Lou Amundson
5,200811,2010,00,1610612756,PHX,27.0,79,0,1168.0,152,276,0.551,0,1,0.0,67,123,0.545,128.0,218.0,346.0,31,24.0,73.0,57.0,169,371,0,Lou Amundson
6,200811,2011,00,1610612744,GSW,28.0,46,7,691.0,83,183,0.454,0,0,0.0,34,87,0.391,81.0,104.0,185.0,17,14.0,33.0,24.0,87,200,0,Lou Amundson
7,200811,2012,00,1610612754,IND,29.0,60,0,753.0,89,207,0.43,0,0,0.0,35,82,0.427,94.0,128.0,222.0,14,27.0,44.0,45.0,125,213,0,Lou Amundson
8,200811,2013,00,1610612750,MIN,30.0,20,0,161.0,14,38,0.368,0,0,0.0,4,20,0.2,23.0,24.0,47.0,3,7.0,6.0,11.0,26,32,0,Lou Amundson
9,200811,2013,00,1610612741,CHI,30.0,1,0,2.0,0,1,0.0,0,0,0.0,0,0,0.0,1.0,0.0,1.0,0,0.0,0.0,0.0,0,0,0,Lou Amundson
10,200811,2013,00,1610612740,NOH,30.0,18,0,209.0,18,42,0.429,0,0,0.0,8,16,0.5,24.0,34.0,58.0,8,9.0,6.0,8.0,27,44,0,Lou Amundson
11,200811,2013,00,0,TOT,30.0,39,0,371.0,32,81,0.395,0,0,0.0,12,36,0.333,48.0,58.0,106.0,11,16.0,12.0,19.0,53,76,0,Lou Amundson
12,200811,2014,00,1610612740,NOP,31.0,18,0,184.0,16,32,0.5,0,0,0.0,6,24,0.25,28.0,27.0,55.0,6,9.0,11.0,14.0,49,38,0,Lou Amundson
13,200811,2014,00,1610612741,CHI,31.0,1,0,1.0,0,0,0.0,0,0,0.0,0,0,0.0,0.0,0.0,0.0,0,0.0,0.0,0.0,0,0,0,Lou Amundson
14,200811,2014,00,0,TOT,31.0,19,0,185.0,16,32,0.5,0,0,0.0,6,24,0.25,28.0,27.0,55.0,6,9.0,11.0,14.0,49,38,0,Lou Amundson
15,200811,2015,00,1610612739,CLE,32.0,12,0,79.0,4,12,0.333,0,0,0.0,3,5,0.6,5.0,15.0,20.0,5,1.0,0.0,5.0,11,11,0,Lou Amundson
16,200811,2015,00,1610612752,NYK,32.0,41,35,858.0,105,243,0.432,0,1,0.0,38,82,0.463,89.0,159.0,248.0,65,21.0,52.0,57.0,115,248,0,Lou Amundson
17,200811,2015,00,0,TOT,32.0,53,35,937.0,109,255,0.427,0,1,0.0,41,87,0.471,94.0,174.0,268.0,70,22.0,52.0,62.0,126,259,0,Lou Amundson
18,200811,2016,00,1610612752,NYK,33.0,29,0,204.0,19,53,0.358,0,0,0.0,14,27,0.519,23.0,26.0,49.0,12,6.0,7.0,15.0,44,52,0,Lou Amundson
0,2365,2002,00,1610612743,DEN,23.0,24,1,261.0,25,74,0.338,0,4,0.0,22,28,0.786,38.0,38.0,76.0,7,7.0,28.0,13.0,35,72,0,Chris Andersen
1,2365,2003,00,1610612743,DEN,24.0,59,3,903.0,114,285,0.4,0,1,0.0,77,140,0.55,109.0,165.0,274.0,32,30.0,60.0,60.0,90,305,0,Chris Andersen
2,2365,2004,00,1610612743,DEN,25.0,71,0,1029.0,90,203,0.443,0,1,0.0,63,107,0.589,89.0,209.0,298.0,35,34.0,114.0,48.0,119,243,0,Chris Andersen
3,2365,2005,00,1610612740,NOH,26.0,67,2,1430.0,191,358,0.534,0,3,0.0,131,190,0.689,137.0,273.0,410.0,71,14.0,100.0,64.0,144,513,0,Chris Andersen
4,2365,2006,00,1610612740,NOK,27.0,32,2,570.0,56,98,0.571,0,0,0.0,49,103,0.476,61.0,94.0,155.0,6,8.0,41.0,26.0,84,161,0,Chris Andersen
5,2365,2008,00,1610612740,NOH,29.0,5,0,34.0,2,7,0.286,0,0,0.0,2,4,0.5,2.0,7.0,9.0,0,0.0,4.0,1.0,6,6,0,Chris Andersen
6,2365,2009,00,1610612743,DEN,30.0,71,1,1460.0,160,292,0.548,2,10,0.2,130,181,0.718,163.0,279.0,442.0,31,41.0,175.0,69.0,174,452,0,Chris Andersen
7,2365,2010,00,1610612743,DEN,31.0,76,0,1695.0,142,251,0.566,0,3,0.0,164,236,0.695,147.0,336.0,483.0,33,42.0,143.0,59.0,171,448,0,Chris Andersen
8,2365,2011,00,1610612743,DEN,32.0,45,0,732.0,82,137,0.599,0,1,0.0,86,135,0.637,75.0,144.0,219.0,20,23.0,58.0,25.0,79,250,0,Chris Andersen
9,2365,2012,00,1610612743,DEN,33.0,32,1,486.0,59,108,0.546,0,0,0.0,50,82,0.61,48.0,100.0,148.0,6,19.0,46.0,17.0,52,168,0,Chris Andersen
10,2365,2013,00,1610612748,MIA,34.0,42,0,624.0,71,123,0.577,2,3,0.667,63,93,0.677,57.0,115.0,172.0,17,16.0,44.0,24.0,89,207,0,Chris Andersen
11,2365,2014,00,1610612748,MIA,35.0,72,0,1396.0,177,275,0.644,3,12,0.25,120,169,0.71,129.0,250.0,379.0,19,32.0,97.0,53.0,162,477,0,Chris Andersen
12,2365,2015,00,1610612748,MIA,36.0,60,20,1132.0,120,207,0.58,4,13,0.308,76,114,0.667,76.0,223.0,299.0,43,26.0,61.0,40.0,88,320,0,Chris Andersen
13,2365,2016,00,1610612748,MIA,37.0,7,1,36.0,4,10,0.4,2,5,0.4,3,4,0.75,3.0,6.0,9.0,3,1.0,3.0,2.0,4,13,0,Chris Andersen
14,2365,2016,00,1610612763,MEM,37.0,20,14,366.0,34,62,0.548,2,9,0.222,22,32,0.688,33.0,56.0,89.0,9,14.0,10.0,7.0,25,92,0,Chris Andersen
15,2365,2016,00,0,TOT,37.0,27,15,403.0,38,72,0.528,4,14,0.286,25,36,0.694,36.0,62.0,98.0,12,15.0,13.0,9.0,29,105,0,Chris Andersen
16,2365,2017,00,1610612739,CLE,38.0,12,0,114.0,9,22,0.409,0,3,0.0,10,14,0.714,9.0,22.0,31.0,5,5.0,7.0,5.0,20,28,0,Chris Andersen
0,2431,2010,00,1610612745,HOU,30.0,63,0,891.0,147,340,0.432,27,78,0.346,46,67,0.687,54.0,154.0,208.0,44,15.0,12.0,37.0,119,367,0,David Andersen
1,2431,2011,00,1610612761,TOR,31.0,11,0,150.0,23,47,0.489,3,10,0.3,7,7,1.0,8.0,26.0,34.0,7,3.0,3.0,8.0,11,56,0,David Andersen
2,2431,2011,00,1610612740,NOH,31.0,29,0,223.0,33,74,0.446,5,13,0.385,7,15,0.467,12.0,38.0,50.0,6,2.0,6.0,14.0,29,78,0,David Andersen
3,2431,2011,00,0,TOT,31.0,40,0,373.0,56,121,0.463,8,23,0.348,14,22,0.636,20.0,64.0,84.0,13,5.0,9.0,22.0,40,134,0,David Andersen
0,101187,2006,00,1610612766,CHA,23.0,36,7,564.0,75,181,0.414,24,58,0.414,33,41,0.805,23.0,47.0,70.0,32,11.0,4.0,32.0,48,207,0,Alan Anderson
1,101187,2007,00,1610612766,CHA,24.0,17,0,256.0,37,81,0.457,5,20,0.25,19,23,0.826,11.0,21.0,32.0,21,7.0,0.0,22.0,33,98,0,Alan Anderson
2,101187,2012,00,1610612761,TOR,29.0,17,12,461.0,55,142,0.387,24,61,0.393,29,34,0.853,8.0,26.0,34.0,26,5.0,3.0,25.0,35,163,0,Alan Anderson
3,101187,2013,00,1610612761,TOR,30.0,65,2,1495.0,236,616,0.383,95,285,0.333,126,147,0.857,34.0,114.0,148.0,103,48.0,7.0,80.0,131,693,0,Alan Anderson
4,101187,2014,00,1610612751,BKN,31.0,78,26,1773.0,194,485,0.4,84,248,0.339,92,118,0.78,40.0,135.0,175.0,81,48.0,11.0,62.0,147,564,0,Alan Anderson
5,101187,2015,00,1610612751,BKN,32.0,74,19,1744.0,195,440,0.443,73,210,0.348,82,101,0.812,31.0,173.0,204.0,83,56.0,5.0,60.0,148,545,0,Alan Anderson
6,101187,2016,00,1610612764,WAS,33.0,13,0,192.0,21,59,0.356,12,37,0.324,11,15,0.733,1.0,26.0,27.0,14,4.0,1.0,2.0,25,65,0,Alan Anderson
7,101187,2017,00,1610612746,LAC,34.0,30,0,308.0,30,80,0.375,14,44,0.318,12,16,0.75,3.0,21.0,24.0,11,3.0,0.0,7.0,35,86,0,Alan Anderson
0,202079,2010,00,1610612760,OKC,25.0,1,0,15.0,1,3,0.333,0,0,0.0,0,0,0.0,1.0,0.0,1.0,0,0.0,0.0,1.0,1,2,0,Antonio Anderson
0,1507,1998,00,1610612739,CLE,23.0,66,13,1839.0,239,586,0.408,17,84,0.202,275,315,0.873,55.0,132.0,187.0,227,86.0,13.0,128.0,136,770,0,Derek Anderson
1,1507,1999,00,1610612739,CLE,24.0,38,13,978.0,125,314,0.398,21,69,0.304,138,165,0.836,20.0,89.0,109.0,145,48.0,4.0,82.0,73,409,0,Derek Anderson
2,1507,2000,00,1610612746,LAC,25.0,64,58,2201.0,377,860,0.438,55,178,0.309,271,309,0.877,80.0,178.0,258.0,220,90.0,11.0,167.0,149,1080,0,Derek Anderson
3,1507,2001,00,1610612759,SAS,26.0,82,82,2860.0,413,993,0.416,101,253,0.399,342,402,0.851,75.0,288.0,363.0,301,120.0,14.0,165.0,188,1269,0,Derek Anderson
4,1507,2002,00,1610612757,POR,27.0,70,27,1856.0,247,612,0.404,85,228,0.373,178,208,0.856,47.0,142.0,189.0,216,68.0,8.0,87.0,113,757,0,Derek Anderson
5,1507,2003,00,1610612757,POR,28.0,76,76,2554.0,355,832,0.427,116,331,0.35,231,269,0.859,53.0,211.0,264.0,325,90.0,16.0,128.0,141,1057,0,Derek Anderson
6,1507,2004,00,1610612757,POR,29.0,51,46,1809.0,230,612,0.376,79,259,0.305,155,188,0.824,26.0,156.0,182.0,228,66.0,3.0,90.0,79,694,0,Derek Anderson
7,1507,2005,00,1610612757,POR,30.0,47,32,1238.0,152,391,0.389,58,151,0.384,70,87,0.805,25.0,103.0,128.0,143,36.0,4.0,70.0,89,432,0,Derek Anderson
8,1507,2006,00,1610612745,HOU,31.0,20,8,582.0,68,173,0.393,19,67,0.284,61,73,0.836,12.0,71.0,83.0,53,15.0,4.0,37.0,49,216,0,Derek Anderson
9,1507,2006,00,1610612748,MIA,31.0,23,3,465.0,40,130,0.308,21,67,0.313,32,38,0.842,9.0,51.0,60.0,48,8.0,2.0,17.0,49,133,0,Derek Anderson
10,1507,2006,00,0,TOT,31.0,43,11,1047.0,108,303,0.356,40,134,0.299,93,111,0.838,21.0,122.0,143.0,101,23.0,6.0,54.0,98,349,0,Derek Anderson
11,1507,2007,00,1610612766,CHA,32.0,50,32,1190.0,126,294,0.429,54,152,0.355,93,106,0.877,29.0,84.0,113.0,133,52.0,7.0,56.0,115,399,0,Derek Anderson
12,1507,2008,00,1610612766,CHA,33.0,28,0,396.0,47,125,0.376,19,52,0.365,28,38,0.737,9.0,43.0,52.0,44,12.0,1.0,25.0,49,141,0,Derek Anderson
12,246,1998,00,1610612737,ATL,34.0,50,0,398.0,36,81,0.444,0,5,0.0,16,41,0.39,39.0,79.0,118.0,15,19.0,10.0,17.0,85,88,0,Greg Anderson
0,202341,2011,00,1610612759,SAS,22.0,26,2,286.0,31,81,0.383,18,46,0.391,14,18,0.778,2.0,21.0,23.0,18,3.0,6.0,13.0,24,94,0,James Anderson
1,202341,2012,00,1610612759,SAS,23.0,51,2,603.0,66,174,0.379,19,68,0.279,39,52,0.75,16.0,63.0,79.0,41,8.0,2.0,30.0,35,190,0,James Anderson
2,202341,2013,00,1610612759,SAS,24.0,10,0,94.0,11,25,0.44,5,11,0.455,7,9,0.778,3.0,11.0,14.0,9,3.0,2.0,7.0,7,34,0,James Anderson
3,202341,2013,00,1610612745,HOU,24.0,29,2,307.0,41,101,0.406,16,49,0.327,17,19,0.895,15.0,43.0,58.0,33,12.0,3.0,18.0,18,115,0,James Anderson
4,202341,2013,00,0,TOT,24.0,39,2,401.0,52,126,0.413,21,60,0.35,24,28,0.857,18.0,54.0,72.0,42,15.0,5.0,25.0,25,149,0,James Anderson
5,202341,2014,00,1610612755,PHI,25.0,80,62,2309.0,309,717,0.431,115,351,0.328,77,106,0.726,59.0,241.0,300.0,149,74.0,28.0,106.0,154,810,0,James Anderson
6,202341,2016,00,1610612758,SAC,27.0,51,15,721.0,67,178,0.376,23,86,0.267,22,29,0.759,13.0,73.0,86.0,41,21.0,14.0,42.0,54,179,0,James Anderson
0,1626147,2016,00,1610612742,DAL,22.0,55,9,647.0,71,175,0.406,22,83,0.265,44,55,0.8,18.0,114.0,132.0,29,19.0,25.0,24.0,45,208,0,Justin Anderson
1,1626147,2017,00,1610612742,DAL,23.0,51,2,710.0,111,277,0.401,37,122,0.303,70,88,0.795,39.0,110.0,149.0,32,28.0,16.0,40.0,64,329,0,Justin Anderson
2,1626147,2017,00,1610612755,PHI,23.0,24,8,518.0,75,162,0.463,21,72,0.292,32,41,0.78,30.0,66.0,96.0,34,13.0,7.0,26.0,45,203,0,Justin Anderson
3,1626147,2017,00,0,TOT,23.0,75,10,1227.0,186,439,0.424,58,194,0.299,102,129,0.791,69.0,176.0,245.0,66,41.0,23.0,66.0,109,532,0,Justin Anderson
4,1626147,2018,00,1610612755,PHI,24.0,38,0,519.0,87,202,0.431,34,103,0.33,28,38,0.737,25.0,68.0,93.0,25,15.0,7.0,16.0,54,236,0,Justin Anderson
5,1626147,2019,00,1610612737,ATL,25.0,48,4,464.0,64,157,0.408,24,77,0.312,26,35,0.743,24.0,60.0,84.0,23,22.0,13.0,23.0,48,178,0,Justin Anderson
6,1626147,2020,00,1610612751,BKN,26.0,10,1,107.0,10,38,0.263,6,29,0.207,2,4,0.5,1.0,20.0,21.0,8,0.0,6.0,4.0,13,28,0,Justin Anderson
7,1626147,2022,00,1610612739,CLE,28.0,3,0,47.0,4,8,0.5,2,6,0.333,3,4,0.75,0.0,6.0,6.0,6,1.0,0.0,2.0,4,13,0,Justin Anderson
8,1626147,2022,00,1610612754,IND,28.0,13,6,269.0,32,87,0.368,13,53,0.245,12,15,0.8,4.0,36.0,40.0,27,7.0,6.0,6.0,18,89,0,Justin Anderson
9,1626147,2022,00,0,TOT,28.0,16,6,316.0,36,95,0.379,15,59,0.254,15,19,0.789,4.0,42.0,46.0,33,8.0,6.0,8.0,22,102,0,Justin Anderson
8,72,1998,00,1610612757,POR,27.0,45,40,1472.0,204,527,0.387,47,133,0.353,112,145,0.772,36.0,98.0,134.0,245,61.0,1.0,114.0,99,567,0,Kenny Anderson
9,72,1998,00,1610612738,BOS,27.0,16,16,386.0,64,147,0.435,10,27,0.37,41,49,0.837,3.0,36.0,39.0,100,26.0,0.0,29.0,36,179,0,Kenny Anderson
10,72,1998,00,0,TOT,27.0,61,56,1858.0,268,674,0.398,57,160,0.356,153,194,0.789,39.0,134.0,173.0,345,87.0,1.0,143.0,135,746,0,Kenny Anderson
11,72,1999,00,1610612738,BOS,28.0,34,33,1010.0,161,357,0.451,6,24,0.25,84,101,0.832,24.0,79.0,103.0,193,33.0,2.0,71.0,78,412,0,Kenny Anderson
12,72,2000,00,1610612738,BOS,29.0,82,82,2593.0,434,986,0.44,85,220,0.386,196,253,0.775,55.0,170.0,225.0,420,139.0,8.0,130.0,230,1149,0,Kenny Anderson
13,72,2001,00,1610612738,BOS,30.0,33,28,850.0,88,227,0.388,11,33,0.333,59,71,0.831,16.0,57.0,73.0,134,44.0,2.0,52.0,62,246,0,Kenny Anderson
14,72,2002,00,1610612738,BOS,31.0,76,76,2428.0,312,716,0.436,9,33,0.273,98,132,0.742,57.0,218.0,275.0,403,141.0,10.0,119.0,210,731,0,Kenny Anderson
15,72,2003,00,1610612760,SEA,32.0,38,1,689.0,102,232,0.44,0,5,0.0,29,35,0.829,17.0,70.0,87.0,121,40.0,1.0,33.0,63,233,0,Kenny Anderson
16,72,2003,00,1610612740,NOH,32.0,23,1,446.0,61,150,0.407,1,2,0.5,16,22,0.727,14.0,31.0,45.0,77,18.0,4.0,42.0,43,139,0,Kenny Anderson
17,72,2003,00,0,TOT,32.0,61,2,1135.0,163,382,0.427,1,7,0.143,45,57,0.789,31.0,101.0,132.0,198,58.0,5.0,75.0,106,372,0,Kenny Anderson
18,72,2004,00,1610612754,IND,33.0,44,31,907.0,113,256,0.441,1,4,0.25,35,48,0.729,19.0,62.0,81.0,125,26.0,5.0,50.0,73,262,0,Kenny Anderson
19,72,2005,00,1610612737,ATL,34.0,39,20,718.0,81,190,0.426,6,13,0.462,27,37,0.73,23.0,60.0,83.0,98,33.0,0.0,46.0,81,195,0,Kenny Anderson
20,72,2005,00,1610612746,LAC,34.0,4,0,26.0,4,11,0.364,0,0,0.0,0,0,0.0,1.0,4.0,5.0,5,0.0,0.0,3.0,6,8,0,Kenny Anderson
21,72,2005,00,0,TOT,34.0,43,20,744.0,85,201,0.423,6,13,0.462,27,37,0.73,24.0,64.0,88.0,103,33.0,0.0,49.0,87,203,0,Kenny Anderson
0,203937,2015,00,1610612759,SAS,21.0,33,8,358.0,31,89,0.348,3,11,0.273,9,14,0.643,5.0,67.0,72.0,28,15.0,7.0,10.0,28,74,0,Kyle Anderson
1,203937,2016,00,1610612759,SAS,22.0,78,11,1245.0,138,295,0.468,12,37,0.324,62,83,0.747,25.0,219.0,244.0,123,60.0,29.0,59.0,97,350,0,Kyle Anderson
2,203937,2017,00,1610612759,SAS,23.0,72,14,1020.0,93,209,0.445,15,40,0.375,45,57,0.789,33.0,175.0,208.0,91,51.0,26.0,39.0,63,246,0,Kyle Anderson
3,203937,2018,00,1610612759,SAS,24.0,74,67,1978.0,231,438,0.527,19,57,0.333,104,146,0.712,84.0,312.0,396.0,202,115.0,60.0,94.0,114,585,0,Kyle Anderson
4,203937,2019,00,1610612763,MEM,25.0,43,40,1282.0,150,276,0.543,9,34,0.265,37,64,0.578,48.0,203.0,251.0,128,54.0,37.0,58.0,112,346,0,Kyle Anderson
5,203937,2020,00,1610612763,MEM,26.0,67,28,1330.0,157,331,0.474,24,85,0.282,52,78,0.667,58.0,227.0,285.0,162,54.0,37.0,66.0,111,390,0,Kyle Anderson
6,203937,2021,00,1610612763,MEM,27.0,69,69,1887.0,308,658,0.468,94,261,0.36,144,184,0.783,52.0,344.0,396.0,250,84.0,57.0,86.0,120,854,0,Kyle Anderson
7,203937,2022,00,1610612763,MEM,28.0,69,11,1484.0,209,469,0.446,36,109,0.33,67,105,0.638,69.0,299.0,368.0,183,77.0,45.0,71.0,108,521,0,Kyle Anderson
8,203937,2023,00,1610612750,MIN,29.0,69,46,1957.0,252,495,0.509,43,105,0.41,100,136,0.735,66.0,302.0,368.0,335,78.0,63.0,103.0,146,647,0,Kyle Anderson
9,203937,2024,00,1610612750,MIN,30.0,20,0,481.0,55,112,0.491,2,12,0.167,33,48,0.688,15.0,58.0,73.0,78,16.0,19.0,31.0,30,145,0,Kyle Anderson
8,98,1998,00,1610612753,ORL,30.0,58,44,1701.0,343,754,0.455,77,214,0.36,127,199,0.638,98.0,199.0,297.0,119,72.0,23.0,85.0,98,890,0,Nick Anderson
9,98,1999,00,1610612753,ORL,31.0,47,39,1581.0,253,640,0.395,96,277,0.347,99,162,0.611,51.0,226.0,277.0,91,64.0,15.0,83.0,72,701,0,Nick Anderson
10,98,2000,00,1610612758,SAC,32.0,72,72,2094.0,306,782,0.391,132,397,0.332,37,76,0.487,83.0,256.0,339.0,123,94.0,16.0,95.0,118,781,0,Nick Anderson
11,98,2001,00,1610612758,SAC,33.0,21,0,170.0,14,57,0.246,10,39,0.256,0,0,0.0,3.0,22.0,25.0,13,10.0,4.0,7.0,13,38,0,Nick Anderson
12,98,2002,00,1610612763,MEM,34.0,15,0,220.0,21,76,0.276,13,48,0.271,5,9,0.556,1.0,32.0,33.0,14,6.0,6.0,14.0,17,60,0,Nick Anderson
